{
    "baseline": {
        "name": "Base Stock Policy (z=[70, 170, 15])",
        "mean_reward": 341.35050226012623,
        "std_dev": 13.272668244534618,
        "n_episodes": 100
    },
    "method": {
        "name": "IQL Agent",
        "mean_reward": 400.78322515227364,
        "std_dev": 14.763203503869095,
        "n_episodes": 100
    },
    "comparison": {
        "absolute_improvement": 59.43272289214741,
        "percent_improvement": 17.4110547658889,
        "p_value": 1.1846636596758667e-74,
        "statistically_significant": true
    }
}