{
    "baseline": {
        "name": "Base Stock Policy (z=[80, 180, 40])",
        "mean_reward": 334.4792041205185,
        "std_dev": 13.51497984636007,
        "n_episodes": 100
    },
    "method": {
        "name": "IQL Agent",
        "mean_reward": 401.9011090452212,
        "std_dev": 12.933590523015786,
        "n_episodes": 100
    },
    "comparison": {
        "absolute_improvement": 67.42190492470269,
        "percent_improvement": 20.157278567432087,
        "p_value": 1.888880023162755e-88,
        "statistically_significant": true
    }
}