{
    "baseline": {
        "name": "Base Stock Policy (z=[80, 180, 40])",
        "mean_reward": 335.7234862882656,
        "std_dev": 12.543017176651441,
        "n_episodes": 100
    },
    "method": {
        "name": "IQL Agent",
        "mean_reward": 335.38606874628636,
        "std_dev": 27.023810478541723,
        "n_episodes": 100
    },
    "comparison": {
        "absolute_improvement": -0.3374175419792209,
        "percent_improvement": -0.10050459850446708,
        "p_value": 0.910440510197685,
        "statistically_significant": false
    }
}