{
    "baseline": {
        "name": "Base Stock Policy (z=[80, 180, 40])",
        "mean_reward": 336.82777774222734,
        "std_dev": 10.960767702446107,
        "n_episodes": 100
    },
    "method": {
        "name": "IQL Agent",
        "mean_reward": 404.7758280773436,
        "std_dev": 12.876973857847226,
        "n_episodes": 100
    },
    "comparison": {
        "absolute_improvement": 67.94805033511625,
        "percent_improvement": 20.172935495574407,
        "p_value": 2.423080605899879e-95,
        "statistically_significant": true
    }
}